{"schemaVersion":16,"addons":[{"id":"{972ce4c6-7e08-4474-a285-3208198ce6fd}","syncGUID":"wyVeYPWLG80f","location":"app-global","version":"39.0","type":"theme","internalName":"classic/1.0","updateURL":null,"updateKey":null,"optionsURL":null,"optionsType":null,"aboutURL":null,"iconURL":null,"icon64URL":null,"defaultLocale":{"name":"Default","description":"The default theme.","creator":"Mozilla","homepageURL":null,"contributors":["Mozilla Contributors"]},"visible":true,"active":true,"userDisabled":false,"appDisabled":false,"descriptor":"C:\\selenium\\firefox\\39.0\\browser\\extensions\\{972ce4c6-7e08-4474-a285-3208198ce6fd}","installDate":1450179834987,"updateDate":1450179834987,"applyBackgroundUpdates":1,"skinnable":true,"size":3169,"sourceURI":null,"releaseNotesURI":null,"softDisabled":false,"foreignInstall":false,"hasBinaryComponents":false,"strictCompatibility":true,"locales":[],"targetApplications":[{"id":"{ec8030f7-c20a-464f-9b0e-13a3a9e97384}","minVersion":"39.0","maxVersion":"39.0"}],"targetPlatforms":[]}]}